"cumulative_customer_share","cumulative_revenue_share"
0,0
0.001,1e-04
0.002,2e-04
0.003,3e-04
0.004,4e-04
0.005,6e-04
0.006,7e-04
0.007,8e-04
0.008,9e-04
0.009,0.0011
0.01,0.0012
0.011,0.0014
0.012,0.0015
0.013,0.0016
0.014,0.0018
0.015,0.0019
0.016,0.0021
0.017,0.0022
0.018,0.0024
0.019,0.0026
0.02,0.0027
0.021,0.0029
0.022,0.003
0.023,0.0032
0.024,0.0034
0.025,0.0035
0.026,0.0037
0.027,0.0039
0.028,0.0041
0.029,0.0042
0.03,0.0044
0.031,0.0046
0.032,0.0048
0.033,0.0049
0.034,0.0051
0.035,0.0053
0.036,0.0055
0.037,0.0057
0.038,0.0058
0.039,0.006
0.04,0.0062
0.041,0.0064
0.042,0.0066
0.043,0.0068
0.044,0.007
0.0451,0.0072
0.046,0.0074
0.0471,0.0076
0.0481,0.0078
0.0491,0.008
0.0501,0.0082
0.0511,0.0084
0.0521,0.0086
0.0531,0.0088
0.0541,0.009
0.0551,0.0092
0.0561,0.0094
0.0571,0.0096
0.0581,0.0098
0.0591,0.01
0.0601,0.0102
0.0611,0.0104
0.0621,0.0106
0.0631,0.0108
0.0641,0.011
0.0651,0.0112
0.0661,0.0115
0.0671,0.0117
0.0681,0.0119
0.0691,0.0121
0.0701,0.0123
0.0711,0.0125
0.0721,0.0127
0.0731,0.013
0.0741,0.0132
0.0751,0.0134
0.0761,0.0136
0.0771,0.0139
0.0781,0.0141
0.0791,0.0143
0.0801,0.0145
0.0811,0.0148
0.0821,0.015
0.0831,0.0152
0.0841,0.0154
0.0851,0.0157
0.0861,0.0159
0.0871,0.0161
0.0881,0.0164
0.0891,0.0166
0.0901,0.0168
0.0911,0.017
0.0921,0.0173
0.0931,0.0175
0.0941,0.0178
0.0951,0.018
0.0961,0.0182
0.0971,0.0185
0.0981,0.0187
0.0991,0.019
0.1001,0.0192
0.1011,0.0194
0.1021,0.0197
0.1031,0.0199
0.1041,0.0202
0.1051,0.0204
0.1061,0.0207
0.1071,0.0209
0.1081,0.0212
0.1091,0.0214
0.1101,0.0217
0.1111,0.0219
0.1121,0.0222
0.1131,0.0224
0.1141,0.0227
0.1151,0.023
0.1161,0.0232
0.1171,0.0235
0.1181,0.0237
0.1191,0.024
0.1201,0.0243
0.1211,0.0245
0.1221,0.0248
0.1231,0.0251
0.1241,0.0253
0.1251,0.0256
0.1261,0.0259
0.1271,0.0261
0.1281,0.0264
0.1291,0.0267
0.1301,0.0269
0.1311,0.0272
0.1321,0.0275
0.1331,0.0277
0.1341,0.028
0.1351,0.0283
0.1361,0.0286
0.1371,0.0288
0.1381,0.0291
0.1391,0.0294
0.1401,0.0297
0.1411,0.03
0.1421,0.0302
0.1431,0.0305
0.1441,0.0308
0.1452,0.0311
0.1461,0.0314
0.1472,0.0317
0.1482,0.0319
0.1491,0.0322
0.1502,0.0325
0.1512,0.0328
0.1522,0.0331
0.1532,0.0334
0.1542,0.0337
0.1552,0.034
0.1562,0.0343
0.1572,0.0346
0.1582,0.0348
0.1592,0.0351
0.1602,0.0354
0.1612,0.0357
0.1622,0.036
0.1632,0.0363
0.1642,0.0366
0.1652,0.0369
0.1662,0.0372
0.1672,0.0375
0.1682,0.0378
0.1692,0.0382
0.1702,0.0385
0.1712,0.0388
0.1722,0.0391
0.1732,0.0394
0.1742,0.0397
0.1752,0.04
0.1762,0.0403
0.1772,0.0406
0.1782,0.041
0.1792,0.0413
0.1802,0.0416
0.1812,0.0419
0.1822,0.0422
0.1832,0.0425
0.1842,0.0429
0.1852,0.0432
0.1862,0.0435
0.1872,0.0438
0.1882,0.0442
0.1892,0.0445
0.1902,0.0448
0.1912,0.0451
0.1922,0.0455
0.1932,0.0458
0.1942,0.0461
0.1952,0.0465
0.1962,0.0468
0.1972,0.0471
0.1982,0.0475
0.1992,0.0478
0.2002,0.0481
0.2012,0.0485
0.2022,0.0488
0.2032,0.0491
0.2042,0.0495
0.2052,0.0498
0.2062,0.0502
0.2072,0.0505
0.2082,0.0508
0.2092,0.0512
0.2102,0.0515
0.2112,0.0519
0.2122,0.0522
0.2132,0.0526
0.2142,0.0529
0.2152,0.0533
0.2162,0.0536
0.2172,0.054
0.2182,0.0543
0.2192,0.0547
0.2202,0.055
0.2212,0.0554
0.2222,0.0557
0.2232,0.0561
0.2242,0.0564
0.2252,0.0568
0.2262,0.0572
0.2272,0.0575
0.2282,0.0579
0.2292,0.0582
0.2302,0.0586
0.2312,0.059
0.2322,0.0593
0.2332,0.0597
0.2342,0.0601
0.2352,0.0604
0.2362,0.0608
0.2372,0.0612
0.2382,0.0615
0.2392,0.0619
0.2402,0.0623
0.2412,0.0627
0.2422,0.063
0.2432,0.0634
0.2442,0.0638
0.2453,0.0642
0.2462,0.0645
0.2473,0.0649
0.2483,0.0653
0.2492,0.0657
0.2503,0.0661
0.2513,0.0664
0.2523,0.0668
0.2533,0.0672
0.2543,0.0676
0.2553,0.068
0.2563,0.0684
0.2573,0.0688
0.2583,0.0691
0.2593,0.0695
0.2603,0.0699
0.2613,0.0703
0.2623,0.0707
0.2633,0.0711
0.2643,0.0715
0.2653,0.0719
0.2663,0.0723
0.2673,0.0727
0.2683,0.0731
0.2693,0.0735
0.2703,0.0739
0.2713,0.0743
0.2723,0.0747
0.2733,0.0751
0.2743,0.0755
0.2753,0.0759
0.2763,0.0763
0.2773,0.0767
0.2783,0.0771
0.2793,0.0775
0.2803,0.0779
0.2813,0.0783
0.2823,0.0787
0.2833,0.0791
0.2843,0.0795
0.2853,0.0799
0.2863,0.0803
0.2873,0.0808
0.2883,0.0812
0.2893,0.0816
0.2903,0.082
0.2913,0.0824
0.2923,0.0828
0.2933,0.0832
0.2943,0.0837
0.2953,0.0841
0.2963,0.0845
0.2973,0.0849
0.2983,0.0853
0.2993,0.0858
0.3003,0.0862
0.3013,0.0866
0.3023,0.087
0.3033,0.0875
0.3043,0.0879
0.3053,0.0883
0.3063,0.0888
0.3073,0.0892
0.3083,0.0896
0.3093,0.09
0.3103,0.0905
0.3113,0.0909
0.3123,0.0914
0.3133,0.0918
0.3143,0.0922
0.3153,0.0927
0.3163,0.0931
0.3173,0.0935
0.3183,0.094
0.3193,0.0944
0.3203,0.0949
0.3213,0.0953
0.3223,0.0958
0.3233,0.0962
0.3243,0.0966
0.3253,0.0971
0.3263,0.0975
0.3273,0.098
0.3283,0.0984
0.3293,0.0989
0.3303,0.0993
0.3313,0.0998
0.3323,0.1003
0.3333,0.1007
0.3343,0.1012
0.3353,0.1016
0.3363,0.1021
0.3373,0.1025
0.3383,0.103
0.3393,0.1035
0.3403,0.1039
0.3413,0.1044
0.3423,0.1048
0.3433,0.1053
0.3443,0.1058
0.3454,0.1062
0.3463,0.1067
0.3473,0.1072
0.3484,0.1076
0.3493,0.1081
0.3504,0.1086
0.3514,0.1091
0.3524,0.1095
0.3534,0.11
0.3544,0.1105
0.3554,0.111
0.3564,0.1114
0.3574,0.1119
0.3584,0.1124
0.3594,0.1129
0.3604,0.1133
0.3614,0.1138
0.3624,0.1143
0.3634,0.1148
0.3644,0.1153
0.3654,0.1158
0.3664,0.1163
0.3674,0.1168
0.3684,0.1173
0.3694,0.1178
0.3704,0.1183
0.3714,0.1187
0.3724,0.1192
0.3734,0.1197
0.3744,0.1202
0.3754,0.1207
0.3764,0.1212
0.3774,0.1218
0.3784,0.1223
0.3794,0.1228
0.3804,0.1233
0.3814,0.1238
0.3824,0.1243
0.3834,0.1248
0.3844,0.1253
0.3854,0.1258
0.3864,0.1263
0.3874,0.1269
0.3884,0.1274
0.3894,0.1279
0.3904,0.1284
0.3914,0.1289
0.3924,0.1294
0.3934,0.13
0.3944,0.1305
0.3954,0.131
0.3964,0.1315
0.3974,0.1321
0.3984,0.1326
0.3994,0.1331
0.4004,0.1336
0.4014,0.1342
0.4024,0.1347
0.4034,0.1352
0.4044,0.1358
0.4054,0.1363
0.4064,0.1368
0.4074,0.1374
0.4084,0.1379
0.4094,0.1384
0.4104,0.139
0.4114,0.1395
0.4124,0.1401
0.4134,0.1406
0.4144,0.1412
0.4154,0.1417
0.4164,0.1422
0.4174,0.1428
0.4184,0.1433
0.4194,0.1439
0.4204,0.1444
0.4214,0.145
0.4224,0.1456
0.4234,0.1461
0.4244,0.1467
0.4254,0.1472
0.4264,0.1478
0.4274,0.1483
0.4284,0.1489
0.4294,0.1495
0.4304,0.15
0.4314,0.1506
0.4324,0.1512
0.4334,0.1517
0.4344,0.1523
0.4354,0.1529
0.4364,0.1535
0.4374,0.154
0.4384,0.1546
0.4394,0.1552
0.4404,0.1558
0.4414,0.1563
0.4424,0.1569
0.4434,0.1575
0.4444,0.1581
0.4455,0.1587
0.4464,0.1593
0.4474,0.1598
0.4485,0.1604
0.4494,0.161
0.4505,0.1616
0.4514,0.1622
0.4525,0.1628
0.4535,0.1634
0.4545,0.164
0.4555,0.1646
0.4565,0.1652
0.4575,0.1658
0.4585,0.1664
0.4595,0.167
0.4605,0.1676
0.4615,0.1682
0.4625,0.1688
0.4635,0.1694
0.4645,0.17
0.4655,0.1706
0.4665,0.1712
0.4675,0.1718
0.4685,0.1724
0.4695,0.1731
0.4705,0.1737
0.4715,0.1743
0.4725,0.1749
0.4735,0.1755
0.4745,0.1762
0.4755,0.1768
0.4765,0.1774
0.4775,0.178
0.4785,0.1786
0.4795,0.1793
0.4805,0.1799
0.4815,0.1805
0.4825,0.1812
0.4835,0.1818
0.4845,0.1824
0.4855,0.1831
0.4865,0.1837
0.4875,0.1843
0.4885,0.185
0.4895,0.1856
0.4905,0.1863
0.4915,0.1869
0.4925,0.1876
0.4935,0.1882
0.4945,0.1888
0.4955,0.1895
0.4965,0.1901
0.4975,0.1908
0.4985,0.1914
0.4995,0.1921
0.5005,0.1927
0.5015,0.1934
0.5025,0.194
0.5035,0.1947
0.5045,0.1954
0.5055,0.196
0.5065,0.1967
0.5075,0.1973
0.5085,0.198
0.5095,0.1987
0.5105,0.1993
0.5115,0.2
0.5125,0.2007
0.5135,0.2014
0.5145,0.202
0.5155,0.2027
0.5165,0.2034
0.5175,0.2041
0.5185,0.2047
0.5195,0.2054
0.5205,0.2061
0.5215,0.2068
0.5225,0.2075
0.5235,0.2082
0.5245,0.2089
0.5255,0.2095
0.5265,0.2102
0.5275,0.2109
0.5285,0.2116
0.5295,0.2123
0.5305,0.213
0.5315,0.2137
0.5325,0.2144
0.5335,0.2151
0.5345,0.2158
0.5355,0.2165
0.5365,0.2172
0.5375,0.2179
0.5385,0.2186
0.5395,0.2193
0.5405,0.22
0.5415,0.2208
0.5425,0.2215
0.5435,0.2222
0.5445,0.2229
0.5455,0.2236
0.5465,0.2243
0.5475,0.225
0.5486,0.2257
0.5495,0.2265
0.5506,0.2272
0.5515,0.2279
0.5526,0.2286
0.5536,0.2294
0.5545,0.2301
0.5556,0.2308
0.5566,0.2315
0.5576,0.2323
0.5586,0.233
0.5596,0.2337
0.5606,0.2345
0.5616,0.2352
0.5626,0.2359
0.5636,0.2367
0.5646,0.2374
0.5656,0.2382
0.5666,0.2389
0.5676,0.2397
0.5686,0.2404
0.5696,0.2412
0.5706,0.2419
0.5716,0.2427
0.5726,0.2434
0.5736,0.2442
0.5746,0.2449
0.5756,0.2457
0.5766,0.2465
0.5776,0.2472
0.5786,0.248
0.5796,0.2488
0.5806,0.2495
0.5816,0.2503
0.5826,0.2511
0.5836,0.2519
0.5846,0.2526
0.5856,0.2534
0.5866,0.2542
0.5876,0.255
0.5886,0.2558
0.5896,0.2565
0.5906,0.2573
0.5916,0.2581
0.5926,0.2589
0.5936,0.2597
0.5946,0.2605
0.5956,0.2613
0.5966,0.2621
0.5976,0.2629
0.5986,0.2637
0.5996,0.2645
0.6006,0.2653
0.6016,0.2661
0.6026,0.2669
0.6036,0.2677
0.6046,0.2685
0.6056,0.2693
0.6066,0.2701
0.6076,0.2709
0.6086,0.2718
0.6096,0.2726
0.6106,0.2734
0.6116,0.2742
0.6126,0.2751
0.6136,0.2759
0.6146,0.2767
0.6156,0.2775
0.6166,0.2784
0.6176,0.2792
0.6186,0.28
0.6196,0.2809
0.6206,0.2817
0.6216,0.2825
0.6226,0.2834
0.6236,0.2842
0.6246,0.285
0.6256,0.2859
0.6266,0.2867
0.6276,0.2876
0.6286,0.2884
0.6296,0.2893
0.6306,0.2901
0.6316,0.291
0.6326,0.2918
0.6336,0.2927
0.6346,0.2935
0.6356,0.2944
0.6366,0.2953
0.6376,0.2961
0.6386,0.297
0.6396,0.2979
0.6406,0.2987
0.6416,0.2996
0.6426,0.3005
0.6436,0.3014
0.6446,0.3022
0.6456,0.3031
0.6466,0.304
0.6476,0.3049
0.6486,0.3058
0.6496,0.3066
0.6507,0.3075
0.6516,0.3084
0.6527,0.3093
0.6537,0.3102
0.6546,0.3111
0.6557,0.312
0.6567,0.3129
0.6577,0.3138
0.6587,0.3147
0.6597,0.3156
0.6607,0.3165
0.6617,0.3174
0.6627,0.3183
0.6637,0.3192
0.6647,0.3201
0.6657,0.3211
0.6667,0.322
0.6677,0.3229
0.6687,0.3238
0.6697,0.3247
0.6707,0.3257
0.6717,0.3266
0.6727,0.3275
0.6737,0.3285
0.6747,0.3294
0.6757,0.3303
0.6767,0.3313
0.6777,0.3322
0.6787,0.3332
0.6797,0.3341
0.6807,0.3351
0.6817,0.336
0.6827,0.337
0.6837,0.3379
0.6847,0.3389
0.6857,0.3398
0.6867,0.3408
0.6877,0.3417
0.6887,0.3427
0.6897,0.3437
0.6907,0.3446
0.6917,0.3456
0.6927,0.3466
0.6937,0.3476
0.6947,0.3485
0.6957,0.3495
0.6967,0.3505
0.6977,0.3515
0.6987,0.3525
0.6997,0.3534
0.7007,0.3544
0.7017,0.3554
0.7027,0.3564
0.7037,0.3574
0.7047,0.3584
0.7057,0.3594
0.7067,0.3604
0.7077,0.3614
0.7087,0.3624
0.7097,0.3634
0.7107,0.3644
0.7117,0.3654
0.7127,0.3664
0.7137,0.3674
0.7147,0.3685
0.7157,0.3695
0.7167,0.3705
0.7177,0.3715
0.7187,0.3725
0.7197,0.3736
0.7207,0.3746
0.7217,0.3756
0.7227,0.3767
0.7237,0.3777
0.7247,0.3787
0.7257,0.3798
0.7267,0.3808
0.7277,0.3819
0.7287,0.3829
0.7297,0.384
0.7307,0.385
0.7317,0.3861
0.7327,0.3871
0.7337,0.3882
0.7347,0.3892
0.7357,0.3903
0.7367,0.3914
0.7377,0.3924
0.7387,0.3935
0.7397,0.3946
0.7407,0.3957
0.7417,0.3967
0.7427,0.3978
0.7437,0.3989
0.7447,0.4
0.7457,0.4011
0.7467,0.4022
0.7477,0.4033
0.7487,0.4044
0.7497,0.4055
0.7508,0.4066
0.7517,0.4077
0.7527,0.4088
0.7538,0.4099
0.7547,0.411
0.7558,0.4122
0.7568,0.4133
0.7578,0.4144
0.7588,0.4155
0.7598,0.4167
0.7608,0.4178
0.7618,0.419
0.7628,0.4201
0.7638,0.4212
0.7648,0.4224
0.7658,0.4235
0.7668,0.4247
0.7678,0.4258
0.7688,0.427
0.7698,0.4282
0.7708,0.4293
0.7718,0.4305
0.7728,0.4317
0.7738,0.4329
0.7748,0.434
0.7758,0.4352
0.7768,0.4364
0.7778,0.4376
0.7788,0.4388
0.7798,0.44
0.7808,0.4411
0.7818,0.4424
0.7828,0.4435
0.7838,0.4447
0.7848,0.446
0.7858,0.4472
0.7868,0.4484
0.7878,0.4496
0.7888,0.4508
0.7898,0.452
0.7908,0.4533
0.7918,0.4545
0.7928,0.4557
0.7938,0.457
0.7948,0.4582
0.7958,0.4595
0.7968,0.4607
0.7978,0.462
0.7988,0.4632
0.7998,0.4645
0.8008,0.4658
0.8018,0.467
0.8028,0.4683
0.8038,0.4696
0.8048,0.4709
0.8058,0.4721
0.8068,0.4734
0.8078,0.4747
0.8088,0.476
0.8098,0.4773
0.8108,0.4786
0.8118,0.4799
0.8128,0.4812
0.8138,0.4826
0.8148,0.4839
0.8158,0.4852
0.8168,0.4865
0.8178,0.4878
0.8188,0.4892
0.8198,0.4905
0.8208,0.4919
0.8218,0.4932
0.8228,0.4945
0.8238,0.4959
0.8248,0.4973
0.8258,0.4986
0.8268,0.5
0.8278,0.5014
0.8288,0.5027
0.8298,0.5041
0.8308,0.5055
0.8318,0.5069
0.8328,0.5083
0.8338,0.5097
0.8348,0.5111
0.8358,0.5125
0.8368,0.5139
0.8378,0.5153
0.8388,0.5168
0.8398,0.5182
0.8408,0.5196
0.8418,0.5211
0.8428,0.5225
0.8438,0.524
0.8448,0.5254
0.8458,0.5269
0.8468,0.5284
0.8478,0.5298
0.8488,0.5313
0.8498,0.5328
0.8509,0.5343
0.8518,0.5358
0.8528,0.5373
0.8539,0.5388
0.8548,0.5404
0.8559,0.5419
0.8569,0.5434
0.8579,0.545
0.8589,0.5465
0.8599,0.5481
0.8609,0.5496
0.8619,0.5512
0.8629,0.5528
0.8639,0.5543
0.8649,0.556
0.8659,0.5575
0.8669,0.5592
0.8679,0.5608
0.8689,0.5624
0.8699,0.564
0.8709,0.5657
0.8719,0.5673
0.8729,0.5689
0.8739,0.5706
0.8749,0.5723
0.8759,0.574
0.8769,0.5756
0.8779,0.5773
0.8789,0.579
0.8799,0.5808
0.8809,0.5825
0.8819,0.5842
0.8829,0.586
0.8839,0.5877
0.8849,0.5895
0.8859,0.5913
0.8869,0.5931
0.8879,0.5949
0.8889,0.5967
0.8899,0.5985
0.8909,0.6003
0.8919,0.6022
0.8929,0.604
0.8939,0.6059
0.8949,0.6078
0.8959,0.6097
0.8969,0.6116
0.8979,0.6135
0.8989,0.6154
0.8999,0.6173
0.9009,0.6192
0.9019,0.6212
0.9029,0.6231
0.9039,0.6251
0.9049,0.627
0.9059,0.629
0.9069,0.631
0.9079,0.633
0.9089,0.6351
0.9099,0.6371
0.9109,0.6391
0.9119,0.6412
0.9129,0.6433
0.9139,0.6454
0.9149,0.6475
0.9159,0.6496
0.9169,0.6517
0.9179,0.6539
0.9189,0.656
0.9199,0.6582
0.9209,0.6604
0.9219,0.6626
0.9229,0.6648
0.9239,0.667
0.9249,0.6693
0.9259,0.6715
0.9269,0.6738
0.9279,0.6761
0.9289,0.6784
0.9299,0.6807
0.9309,0.683
0.9319,0.6854
0.9329,0.6878
0.9339,0.6902
0.9349,0.6926
0.9359,0.6951
0.9369,0.6975
0.9379,0.7
0.9389,0.7025
0.9399,0.7051
0.9409,0.7076
0.9419,0.7102
0.9429,0.7128
0.9439,0.7154
0.9449,0.7181
0.9459,0.7208
0.9469,0.7235
0.9479,0.7263
0.9489,0.7291
0.9499,0.7319
0.9509,0.7347
0.9519,0.7377
0.9529,0.7406
0.954,0.7436
0.9549,0.7466
0.956,0.7497
0.957,0.7528
0.958,0.756
0.959,0.7592
0.96,0.7625
0.961,0.7658
0.962,0.7691
0.963,0.7726
0.964,0.7761
0.965,0.7796
0.966,0.7833
0.967,0.787
0.968,0.7907
0.969,0.7945
0.97,0.7983
0.971,0.8022
0.972,0.8061
0.973,0.8102
0.974,0.8143
0.975,0.8185
0.976,0.8228
0.977,0.8272
0.978,0.8317
0.979,0.8363
0.98,0.841
0.981,0.8459
0.982,0.8508
0.983,0.8559
0.984,0.8611
0.985,0.8665
0.986,0.872
0.987,0.8778
0.988,0.8837
0.989,0.89
0.99,0.8964
0.991,0.9032
0.992,0.9105
0.993,0.9181
0.994,0.9262
0.995,0.9346
0.996,0.9439
0.997,0.9541
0.998,0.9658
0.999,0.9789
1,1
